分類中文,分類資料夾,新檔名,原始檔名
喪用周邊,accessories,accessories_01.jpg,577397084383347088_精緻紙紮2025版_p88_0809-01.jpg
喪用周邊,accessories,accessories_02.jpg,577397084383347088_精緻紙紮2025版_p88_0809-02.jpg
喪用周邊,accessories,accessories_03.jpg,577397084383347088_精緻紙紮2025版_p88_0809-03.jpg
喪用周邊,accessories,accessories_04.jpg,577397084383347088_精緻紙紮2025版_p88_0809-04.jpg
喪用周邊,accessories,accessories_05.jpg,577397084383347088_精緻紙紮2025版_p88_0809-05.jpg
客製化紙紮服務,custom-service,custom-service_01.jpg,577397084383347088_精緻紙紮2025版_p88_0809-06.jpg
客製化紙紮服務,custom-service,custom-service_02.jpg,577397084383347088_精緻紙紮2025版_p88_0809-07.jpg
客製化紙紮服務,custom-service,custom-service_03.jpg,577397084383347088_精緻紙紮2025版_p88_0809-08.jpg
客製化紙紮服務,custom-service,custom-service_04.jpg,577397084383347088_精緻紙紮2025版_p88_0809-09.jpg
客製化紙紮服務,custom-service,custom-service_05.jpg,577397084383347088_精緻紙紮2025版_p88_0809-10.jpg
豪華紙紮,luxury,luxury_01.jpg,577397084383347088_精緻紙紮2025版_p88_0809-11.jpg
豪華紙紮,luxury,luxury_02.jpg,577397084383347088_精緻紙紮2025版_p88_0809-12.jpg
豪華紙紮,luxury,luxury_03.jpg,577397084383347088_精緻紙紮2025版_p88_0809-13.jpg
豪華紙紮,luxury,luxury_04.jpg,577397084383347088_精緻紙紮2025版_p88_0809-14.jpg
豪華紙紮,luxury,luxury_05.jpg,577397084383347088_精緻紙紮2025版_p88_0809-15.jpg
紙紮房屋,houses,houses_01.jpg,577397084383347088_精緻紙紮2025版_p88_0809-16.jpg
紙紮房屋,houses,houses_02.jpg,577397084383347088_精緻紙紮2025版_p88_0809-17.jpg
紙紮房屋,houses,houses_03.jpg,577397084383347088_精緻紙紮2025版_p88_0809-18.jpg
紙紮房屋,houses,houses_04.jpg,577397084383347088_精緻紙紮2025版_p88_0809-19.jpg
紙紮房屋,houses,houses_05.jpg,577397084383347088_精緻紙紮2025版_p88_0809-20.jpg
紙紮商店,shops,shops_01.jpg,577397084383347088_精緻紙紮2025版_p88_0809-21.jpg
紙紮商店,shops,shops_02.jpg,577397084383347088_精緻紙紮2025版_p88_0809-22.jpg
紙紮商店,shops,shops_03.jpg,577397084383347088_精緻紙紮2025版_p88_0809-23.jpg
紙紮商店,shops,shops_04.jpg,577397084383347088_精緻紙紮2025版_p88_0809-24.jpg
紙紮商店,shops,shops_05.jpg,577397084383347088_精緻紙紮2025版_p88_0809-25.jpg
紙紮交通工具,vehicles,vehicles_01.jpg,577397084383347088_精緻紙紮2025版_p88_0809-26.jpg
紙紮交通工具,vehicles,vehicles_02.jpg,577397084383347088_精緻紙紮2025版_p88_0809-27.jpg
紙紮交通工具,vehicles,vehicles_03.jpg,577397084383347088_精緻紙紮2025版_p88_0809-28.jpg
紙紮交通工具,vehicles,vehicles_04.jpg,577397084383347088_精緻紙紮2025版_p88_0809-29.jpg
紙紮交通工具,vehicles,vehicles_05.jpg,577397084383347088_精緻紙紮2025版_p88_0809-30.jpg
紙紮男士用品,men,men_01.jpg,577397084383347088_精緻紙紮2025版_p88_0809-31.jpg
紙紮男士用品,men,men_02.jpg,577397084383347088_精緻紙紮2025版_p88_0809-32.jpg
紙紮男士用品,men,men_03.jpg,577397084383347088_精緻紙紮2025版_p88_0809-33.jpg
紙紮男士用品,men,men_04.jpg,577397084383347088_精緻紙紮2025版_p88_0809-34.jpg
紙紮男士用品,men,men_05.jpg,577397084383347088_精緻紙紮2025版_p88_0809-35.jpg
紙紮女士用品,women,women_01.jpg,577397084383347088_精緻紙紮2025版_p88_0809-36.jpg
紙紮女士用品,women,women_02.jpg,577397084383347088_精緻紙紮2025版_p88_0809-37.jpg
紙紮女士用品,women,women_03.jpg,577397084383347088_精緻紙紮2025版_p88_0809-38.jpg
紙紮女士用品,women,women_04.jpg,577397084383347088_精緻紙紮2025版_p88_0809-39.jpg
紙紮女士用品,women,women_05.jpg,577397084383347088_精緻紙紮2025版_p88_0809-40.jpg
紙紮嬰兒用品,baby,baby_01.jpg,577397084383347088_精緻紙紮2025版_p88_0809-41.jpg
紙紮嬰兒用品,baby,baby_02.jpg,577397084383347088_精緻紙紮2025版_p88_0809-42.jpg
紙紮嬰兒用品,baby,baby_03.jpg,577397084383347088_精緻紙紮2025版_p88_0809-43.jpg
紙紮嬰兒用品,baby,baby_04.jpg,577397084383347088_精緻紙紮2025版_p88_0809-44.jpg
紙紮嬰兒用品,baby,baby_05.jpg,577397084383347088_精緻紙紮2025版_p88_0809-45.jpg
紙紮3C電器,electronics,electronics_01.jpg,577397084383347088_精緻紙紮2025版_p88_0809-46.jpg
紙紮3C電器,electronics,electronics_02.jpg,577397084383347088_精緻紙紮2025版_p88_0809-47.jpg
紙紮3C電器,electronics,electronics_03.jpg,577397084383347088_精緻紙紮2025版_p88_0809-48.jpg
紙紮3C電器,electronics,electronics_04.jpg,577397084383347088_精緻紙紮2025版_p88_0809-49.jpg
紙紮3C電器,electronics,electronics_05.jpg,577397084383347088_精緻紙紮2025版_p88_0809-50.jpg
紙紮日常用品,daily,daily_01.jpg,577397084383347088_精緻紙紮2025版_p88_0809-51.jpg
紙紮日常用品,daily,daily_02.jpg,577397084383347088_精緻紙紮2025版_p88_0809-52.jpg
紙紮日常用品,daily,daily_03.jpg,577397084383347088_精緻紙紮2025版_p88_0809-53.jpg
紙紮日常用品,daily,daily_04.jpg,577397084383347088_精緻紙紮2025版_p88_0809-54.jpg
紙紮日常用品,daily,daily_05.jpg,577397084383347088_精緻紙紮2025版_p88_0809-55.jpg
紙紮休閒運動,sports,sports_01.jpg,577397084383347088_精緻紙紮2025版_p88_0809-56.jpg
紙紮休閒運動,sports,sports_02.jpg,577397084383347088_精緻紙紮2025版_p88_0809-57.jpg
紙紮休閒運動,sports,sports_03.jpg,577397084383347088_精緻紙紮2025版_p88_0809-58.jpg
紙紮休閒運動,sports,sports_04.jpg,577397084383347088_精緻紙紮2025版_p88_0809-59.jpg
紙紮休閒運動,sports,sports_05.jpg,577397084383347088_精緻紙紮2025版_p88_0809-60.jpg
紙紮槍械彈藥,weapons,weapons_01.jpg,577397084383347088_精緻紙紮2025版_p88_0809-61.jpg
紙紮槍械彈藥,weapons,weapons_02.jpg,577397084383347088_精緻紙紮2025版_p88_0809-62.jpg
紙紮槍械彈藥,weapons,weapons_03.jpg,577397084383347088_精緻紙紮2025版_p88_0809-63.jpg
紙紮槍械彈藥,weapons,weapons_04.jpg,577397084383347088_精緻紙紮2025版_p88_0809-64.jpg
紙紮槍械彈藥,weapons,weapons_05.jpg,577397084383347088_精緻紙紮2025版_p88_0809-65.jpg
紙紮寵物用品,pets,pets_01.jpg,577397084383347088_精緻紙紮2025版_p88_0809-66.jpg
紙紮寵物用品,pets,pets_02.jpg,577397084383347088_精緻紙紮2025版_p88_0809-67.jpg
紙紮寵物用品,pets,pets_03.jpg,577397084383347088_精緻紙紮2025版_p88_0809-68.jpg
紙紮寵物用品,pets,pets_04.jpg,577397084383347088_精緻紙紮2025版_p88_0809-69.jpg
紙紮寵物用品,pets,pets_05.jpg,577397084383347088_精緻紙紮2025版_p88_0809-70.jpg
紙紮金銀財寶,treasures,treasures_01.jpg,577397084383347088_精緻紙紮2025版_p88_0809-71.jpg
紙紮金銀財寶,treasures,treasures_02.jpg,577397084383347088_精緻紙紮2025版_p88_0809-72.jpg
紙紮金銀財寶,treasures,treasures_03.jpg,577397084383347088_精緻紙紮2025版_p88_0809-73.jpg
紙紮金銀財寶,treasures,treasures_04.jpg,577397084383347088_精緻紙紮2025版_p88_0809-74.jpg
紙紮金銀財寶,treasures,treasures_05.jpg,577397084383347088_精緻紙紮2025版_p88_0809-75.jpg
紙紮食品,foods,foods_01.jpg,577397084383347088_精緻紙紮2025版_p88_0809-76.jpg
紙紮食品,foods,foods_02.jpg,577397084383347088_精緻紙紮2025版_p88_0809-77.jpg
紙紮食品,foods,foods_03.jpg,577397084383347088_精緻紙紮2025版_p88_0809-78.jpg
紙紮食品,foods,foods_04.jpg,577397084383347088_精緻紙紮2025版_p88_0809-79.jpg
紙紮食品,foods,foods_05.jpg,577397084383347088_精緻紙紮2025版_p88_0809-80.jpg
紙紮衣服,clothes,clothes_01.jpg,577397084383347088_精緻紙紮2025版_p88_0809-81.jpg
紙紮衣服,clothes,clothes_02.jpg,577397084383347088_精緻紙紮2025版_p88_0809-82.jpg
紙紮衣服,clothes,clothes_03.jpg,577397084383347088_精緻紙紮2025版_p88_0809-83.jpg
紙紮衣服,clothes,clothes_04.jpg,577397084383347088_精緻紙紮2025版_p88_0809-84.jpg
蓮花塔,lotus,lotus_01.jpg,577397084383347088_精緻紙紮2025版_p88_0809-85.jpg
蓮花塔,lotus,lotus_02.jpg,577397084383347088_精緻紙紮2025版_p88_0809-86.jpg
蓮花塔,lotus,lotus_03.jpg,577397084383347088_精緻紙紮2025版_p88_0809-87.jpg
蓮花塔,lotus,lotus_04.jpg,577397084383347088_精緻紙紮2025版_p88_0809-88.jpg
